scope,system,element,adsorbate,n,r
pooled,,Ag,CH4,22007,-0.5054
pooled,,Au,CH4,22007,-0.5051
pooled,,Ca,CH4,22007,0.1121
pooled,,Ce,CH4,22007,0.1187
pooled,,Co,CH4,22007,0.4719
pooled,,Cu,CH4,22007,-0.1347
pooled,,Fe,CH4,22007,-0.0155
pooled,,La,CH4,22007,0.1134
pooled,,Mn,CH4,22007,-0.0123
pooled,,Ni,CH4,22007,0.4382
pooled,,Pd,CH4,22007,-0.277
pooled,,Pt,CH4,22007,-0.503
pooled,,Rh,CH4,22007,0.0686
pooled,,Ru,CH4,22007,0.0647
pooled,,Sn,CH4,22007,0.4437
pooled,,Zn,CH4,22007,0.4484
pooled,,Ag,CH3,18551,-0.7949
pooled,,Au,CH3,18551,-0.7939
pooled,,Ca,CH3,18551,0.0086
pooled,,Ce,CH3,18551,0.0064
pooled,,Co,CH3,18551,0.8119
pooled,,Cu,CH3,18551,-0.6037
pooled,,Fe,CH3,18551,0.0261
pooled,,La,CH3,18551,0.0091
pooled,,Mn,CH3,18551,0.0247
pooled,,Ni,CH3,18551,0.7317
pooled,,Pd,CH3,18551,-0.2413
pooled,,Pt,CH3,18551,-0.7988
pooled,,Rh,CH3,18551,0.4953
pooled,,Ru,CH3,18551,0.5516
pooled,,Sn,CH3,18551,0.2029
pooled,,Zn,CH3,18551,0.2034
pooled,,Ag,CH2,15841,-0.608
pooled,,Au,CH2,15841,-0.6089
pooled,,Co,CH2,15841,0.6634
pooled,,Cu,CH2,15841,-0.5268
pooled,,Fe,CH2,15841,0.0199
pooled,,Mn,CH2,15841,0.0198
pooled,,Ni,CH2,15841,0.5827
pooled,,Pd,CH2,15841,-0.2006
pooled,,Pt,CH2,15841,-0.6221
pooled,,Rh,CH2,15841,0.4199
pooled,,Ru,CH2,15841,0.4837
pooled,,Sn,CH2,15841,0.1398
pooled,,Zn,CH2,15841,0.1413
pooled,,Ag,CH,10363,-0.4756
pooled,,Au,CH,10363,-0.4736
pooled,,Co,CH,10363,0.5374
pooled,,Cu,CH,10363,-0.4716
pooled,,Ni,CH,10363,0.4808
pooled,,Pd,CH,10363,-0.1608
pooled,,Pt,CH,10363,-0.4985
pooled,,Rh,CH,10363,0.3864
pooled,,Ru,CH,10363,0.4455
pooled,,Sn,CH,10363,0.0517
pooled,,Zn,CH,10363,0.0527
pooled,,Ag,C,9359,-0.351
pooled,,Au,C,9359,-0.3414
pooled,,Co,C,9359,0.3896
pooled,,Cu,C,9359,-0.3688
pooled,,Fe,C,9359,-0.0444
pooled,,Mn,C,9359,-0.0443
pooled,,Ni,C,9359,0.3562
pooled,,Pd,C,9359,-0.0825
pooled,,Pt,C,9359,-0.3752
pooled,,Rh,C,9359,0.2955
pooled,,Ru,C,9359,0.3474
pooled,,Sn,C,9359,0.0111
pooled,,Zn,C,9359,0.0123
pooled,,Ag,H,9914,-0.702
pooled,,Au,H,9914,-0.6992
pooled,,Co,H,9914,0.6739
pooled,,Cu,H,9914,-0.7317
pooled,,Fe,H,9914,-0.1013
pooled,,Mn,H,9914,-0.0997
pooled,,Ni,H,9914,0.6588
pooled,,Pd,H,9914,0.0704
pooled,,Pt,H,9914,-0.7181
pooled,,Rh,H,9914,0.6828
pooled,,Ru,H,9914,0.6886
pooled,,Sn,H,9914,0.0196
pooled,,Zn,H,9914,0.0185
pooled,,Ag,O,3283,-0.2005
pooled,,Au,O,3283,-0.2095
pooled,,Ca,O,3283,0.0198
pooled,,Ce,O,3283,0.0198
pooled,,Co,O,3283,0.2209
pooled,,Cu,O,3283,-0.2787
pooled,,Fe,O,3283,-0.1749
pooled,,La,O,3283,0.0198
pooled,,Mn,O,3283,-0.1754
pooled,,Ni,O,3283,0.2249
pooled,,Pd,O,3283,0.0775
pooled,,Pt,O,3283,-0.2375
pooled,,Rh,O,3283,0.2483
pooled,,Ru,O,3283,0.2514
pooled,,Sn,O,3283,0.0217
pooled,,Zn,O,3283,0.0234
pooled,,Ag,OH,5950,-0.8308
pooled,,Au,OH,5950,-0.8315
pooled,,Co,OH,5950,0.8476
pooled,,Cu,OH,5950,-0.8587
pooled,,Ni,OH,5950,0.8323
pooled,,Pd,OH,5950,0.1109
pooled,,Pt,OH,5950,-0.8477
pooled,,Rh,OH,5950,0.8148
pooled,,Ru,OH,5950,0.8264
pooled,,Sn,OH,5950,0.0071
pooled,,Zn,OH,5950,0.0093
pooled,,Ag,CO,16149,-0.7639
pooled,,Au,CO,16149,-0.7641
pooled,,Co,CO,16149,0.8156
pooled,,Cu,CO,16149,-0.735
pooled,,Ni,CO,16149,0.7205
pooled,,Pd,CO,16149,-0.1869
pooled,,Pt,CO,16149,-0.7747
pooled,,Rh,CO,16149,0.5967
pooled,,Ru,CO,16149,0.6676
pooled,,Sn,CO,16149,0.069
pooled,,Zn,CO,16149,0.0687
pooled,,Ag,CO2,11761,-0.3788
pooled,,Au,CO2,11761,-0.3772
pooled,,Co,CO2,11761,0.3525
pooled,,Cu,CO2,11761,-0.402
pooled,,Fe,CO2,11761,-0.1502
pooled,,Mn,CO2,11761,-0.1506
pooled,,Ni,CO2,11761,0.3345
pooled,,Pd,CO2,11761,0.0696
pooled,,Pt,CO2,11761,-0.3721
pooled,,Rh,CO2,11761,0.3558
pooled,,Ru,CO2,11761,0.3732
pooled,,Sn,CO2,11761,0.0517
pooled,,Zn,CO2,11761,0.0491
within,AgAuCuPdPt,Ag,CH4,2000,-0.0505
within,AgAuCuPdPt,Au,CH4,2000,-0.0537
within,AgAuCuPdPt,Cu,CH4,2000,0.1264
within,AgAuCuPdPt,Pd,CH4,2000,-0.1001
within,AgAuCuPdPt,Pt,CH4,2000,0.073
within,AgAuCuPdPt,Ag,CH3,2000,0.0548
within,AgAuCuPdPt,Au,CH3,2000,0.065
within,AgAuCuPdPt,Cu,CH3,2000,0.0798
within,AgAuCuPdPt,Pd,CH3,2000,-0.1073
within,AgAuCuPdPt,Pt,CH3,2000,-0.0925
within,AgAuCuPdPt,Ag,CH2,2000,0.1519
within,AgAuCuPdPt,Au,CH2,2000,0.1233
within,AgAuCuPdPt,Cu,CH2,2000,0.0249
within,AgAuCuPdPt,Pd,CH2,2000,-0.166
within,AgAuCuPdPt,Pt,CH2,2000,-0.1302
within,AgAuCuPdPt,Ag,CH,1840,0.1309
within,AgAuCuPdPt,Au,CH,1840,0.1439
within,AgAuCuPdPt,Cu,CH,1840,-0.0687
within,AgAuCuPdPt,Pd,CH,1840,-0.1011
within,AgAuCuPdPt,Pt,CH,1840,-0.1006
within,AgAuCuPdPt,Ag,C,1541,0.1056
within,AgAuCuPdPt,Au,C,1541,0.1864
within,AgAuCuPdPt,Cu,C,1541,-0.0352
within,AgAuCuPdPt,Pd,C,1541,-0.1413
within,AgAuCuPdPt,Pt,C,1541,-0.1067
within,AgAuCuPdPt,Ag,H,1977,0.1596
within,AgAuCuPdPt,Au,H,1977,0.1868
within,AgAuCuPdPt,Cu,H,1977,-0.135
within,AgAuCuPdPt,Pd,H,1977,-0.1588
within,AgAuCuPdPt,Pt,H,1977,-0.0458
within,AgAuCuPdPt,Ag,O,1170,0.186
within,AgAuCuPdPt,Au,O,1170,0.1225
within,AgAuCuPdPt,Cu,O,1170,-0.1222
within,AgAuCuPdPt,Pd,O,1170,-0.0998
within,AgAuCuPdPt,Pt,O,1170,-0.0689
within,AgAuCuPdPt,Ag,OH,1997,0.1914
within,AgAuCuPdPt,Au,OH,1997,0.1699
within,AgAuCuPdPt,Cu,OH,1997,-0.1704
within,AgAuCuPdPt,Pd,OH,1997,-0.1557
within,AgAuCuPdPt,Pt,OH,1997,-0.0259
within,AgAuCuPdPt,Ag,CO,1926,0.1966
within,AgAuCuPdPt,Au,CO,1926,0.1764
within,AgAuCuPdPt,Cu,CO,1926,-0.0823
within,AgAuCuPdPt,Pd,CO,1926,-0.1895
within,AgAuCuPdPt,Pt,CO,1926,-0.0927
within,AgAuCuPdPt,Ag,CO2,1733,-0.0003
within,AgAuCuPdPt,Au,CO2,1733,0.0285
within,AgAuCuPdPt,Cu,CO2,1733,-0.0779
within,AgAuCuPdPt,Pd,CO2,1733,-0.064
within,AgAuCuPdPt,Pt,CO2,1733,0.1136
within,CaCeCoLaNi,Ca,CH4,1071,-0.0957
within,CaCeCoLaNi,Ce,CH4,1071,-0.0067
within,CaCeCoLaNi,Co,CH4,1071,0.1019
within,CaCeCoLaNi,La,CH4,1071,-0.0763
within,CaCeCoLaNi,Ni,CH4,1071,0.0726
within,CoNiPdRhRu,Co,CH4,16000,0.0914
within,CoNiPdRhRu,Ni,CH4,16000,-0.0242
within,CoNiPdRhRu,Pd,CH4,16000,-0.0315
within,CoNiPdRhRu,Rh,CH4,16000,-0.005
within,CoNiPdRhRu,Ru,CH4,16000,-0.0285
within,CoNiPdRhRu,Co,CH3,15979,0.4204
within,CoNiPdRhRu,Ni,CH3,15979,0.1203
within,CoNiPdRhRu,Pd,CH3,15979,-0.2754
within,CoNiPdRhRu,Rh,CH3,15979,-0.2376
within,CoNiPdRhRu,Ru,CH3,15979,-0.0165
within,CoNiPdRhRu,Co,CH2,13580,0.3225
within,CoNiPdRhRu,Ni,CH2,13580,0.0905
within,CoNiPdRhRu,Pd,CH2,13580,-0.2033
within,CoNiPdRhRu,Rh,CH2,13580,-0.1938
within,CoNiPdRhRu,Ru,CH2,13580,-0.0048
within,CoNiPdRhRu,Co,CH,8431,0.2815
within,CoNiPdRhRu,Ni,CH,8431,0.0891
within,CoNiPdRhRu,Pd,CH,8431,-0.2201
within,CoNiPdRhRu,Rh,CH,8431,-0.1692
within,CoNiPdRhRu,Ru,CH,8431,0.0343
within,CoNiPdRhRu,Co,C,7769,0.1735
within,CoNiPdRhRu,Ni,C,7769,0.0687
within,CoNiPdRhRu,Pd,C,7769,-0.1171
within,CoNiPdRhRu,Rh,C,7769,-0.1389
within,CoNiPdRhRu,Ru,C,7769,0.0277
within,CoNiPdRhRu,Co,H,7880,0.01
within,CoNiPdRhRu,Ni,H,7880,-0.0487
within,CoNiPdRhRu,Pd,H,7880,-0.0034
within,CoNiPdRhRu,Rh,H,7880,-0.0028
within,CoNiPdRhRu,Ru,H,7880,0.0454
within,CoNiPdRhRu,Co,O,2079,0.0045
within,CoNiPdRhRu,Ni,O,2079,0.0289
within,CoNiPdRhRu,Pd,O,2079,0.0063
within,CoNiPdRhRu,Rh,O,2079,-0.0273
within,CoNiPdRhRu,Ru,O,2079,-0.0111
within,CoNiPdRhRu,Co,OH,3950,0.2077
within,CoNiPdRhRu,Ni,OH,3950,0.099
within,CoNiPdRhRu,Pd,OH,3950,-0.1728
within,CoNiPdRhRu,Rh,OH,3950,-0.1356
within,CoNiPdRhRu,Ru,OH,3950,0.0271
within,CoNiPdRhRu,Co,CO,14121,0.4461
within,CoNiPdRhRu,Ni,CO,14121,0.1204
within,CoNiPdRhRu,Pd,CO,14121,-0.3217
within,CoNiPdRhRu,Rh,CO,14121,-0.2385
within,CoNiPdRhRu,Ru,CO,14121,0.0149
within,CoNiPdRhRu,Co,CO2,9893,0.0168
within,CoNiPdRhRu,Ni,CO2,9893,-0.025
within,CoNiPdRhRu,Pd,CO2,9893,0.0163
within,CoNiPdRhRu,Rh,CO2,9893,-0.0258
within,CoNiPdRhRu,Ru,CO2,9893,0.0188
within,CoCuFeMnNi,Co,CH4,2000,0.0614
within,CoCuFeMnNi,Cu,CH4,2000,-0.0191
within,CoCuFeMnNi,Fe,CH4,2000,-0.0919
within,CoCuFeMnNi,Mn,CH4,2000,-0.0237
within,CoCuFeMnNi,Ni,CH4,2000,0.0761
within,CoCuNiSnZn,Co,CH4,936,0.0495
within,CoCuNiSnZn,Cu,CH4,936,-0.0225
within,CoCuNiSnZn,Ni,CH4,936,-0.0028
within,CoCuNiSnZn,Sn,CH4,936,-0.0405
within,CoCuNiSnZn,Zn,CH4,936,0.0168
within,CoCuNiSnZn,Co,CH3,556,0.0531
within,CoCuNiSnZn,Cu,CH3,556,0.0011
within,CoCuNiSnZn,Ni,CH3,556,0.0536
within,CoCuNiSnZn,Sn,CH3,556,-0.0341
within,CoCuNiSnZn,Zn,CH3,556,-0.072
within,CoCuNiSnZn,Co,CH2,259,0.0466
within,CoCuNiSnZn,Cu,CH2,259,0.0471
within,CoCuNiSnZn,Ni,CH2,259,-0.0058
within,CoCuNiSnZn,Sn,CH2,259,-0.0704
within,CoCuNiSnZn,Zn,CH2,259,-0.017
